Feature,Importance
Existing_Customers,0.11337945343753578
Revenue_Loss_Per_Hour_USD,0.042422980770375755
Combined_Signal_Strength_dBm,0.20304259757207072
Combined_Coverage_Area_sqkm,0.025631603226848664
Combined_Packet_Loss_Percentage,0.04918485116995337
Combined_Max_Connections,0.024135180591398096
Infrastructure_Capacity_Mbps,0.025472543747275162
Signal_Strength_dBm,0.02491841452438619
Coverage_Area_sqkm,0.024316964660726255
Latency_ms,0.025117840394563783
Packet_Loss_Percentage,0.025077228376767343
Max_Connections,0.026283348005174748
SLA_Hours,0.05841320048925589
Backup_Available_Quantitative,0.020241602167305733
Outage_Duration_Hours,0.1866844397897546
Hour_of_Day,0.020556990032410134
Is_Work_Hours,0.004570808278819629
Is_Weekend,0.004553951195468724
Month_10,0.0023390712146173177
Month_11,0.0023643567187650394
Month_12,0.0024270450035413144
Month_2,0.0019805504637400227
Month_3,0.0026806666274976163
Month_4,0.0022832382078124755
Month_5,0.002332244144334572
Month_6,0.003020647240496331
Month_7,0.0030601495256956596
Month_8,0.0026177020467115565
Month_9,0.0026295891031510865
Season_2,0.003425226759695513
Season_3,0.0035759636741869456
Season_4,0.003706949800925249
Outage_Type_Man-made,0.00394338264483402
Outage_Type_Natural Disaster,0.003603801215244461
Outage_Cause_Earthquake,0.0030363043754752512
Outage_Cause_Equipment Failure,0.0030656090422282747
Outage_Cause_Flood,0.0032465283696022614
Outage_Cause_Human Error,0.0022401109301211793
Outage_Cause_Network Equipment Failure,0.002732510722071874
Outage_Cause_Power Outage,0.002389880564397743
Outage_Cause_Storm,0.0028593542568987294
Outage_Cause_Vandalism,0.002917433751135346
Day_of_Week_Monday,0.0035188009081416455
Day_of_Week_Saturday,0.003787675316785362
Day_of_Week_Sunday,0.002959265152898595
Day_of_Week_Thursday,0.0034688857557276954
Day_of_Week_Tuesday,0.0028075849342081268
Day_of_Week_Wednesday,0.002957236070187783
Operational_Status_Encoded,0.008018237028780423
